team,away_win_rate,away_draw_rate,away_loss_rate
Abkhazia,30.0,50.0,20.0
Afghanistan,18.556701030927837,22.68041237113402,58.76288659793815
Albania,17.02127659574468,19.148936170212767,63.829787234042556
Alderney,4.597701149425287,1.1494252873563218,94.25287356321839
Algeria,30.681818181818183,29.924242424242426,39.39393939393939
Ambazonia,0.0,16.666666666666664,83.33333333333334
American Samoa,3.3333333333333335,0.0,96.66666666666667
Andalusia,100.0,0.0,0.0
Andorra,1.7543859649122806,13.157894736842104,85.08771929824562
Angola,20.476190476190474,38.57142857142858,40.95238095238095
Anguilla,8.19672131147541,8.19672131147541,83.60655737704919
Antigua and Barbuda,18.81188118811881,17.82178217821782,63.366336633663366
Arameans Suryoye,57.14285714285714,14.285714285714285,28.57142857142857
Argentina,39.6551724137931,28.23275862068966,32.112068965517246
Armenia,16.546762589928058,17.985611510791365,65.46762589928058
Artsakh,50.0,25.0,25.0
Aruba,11.688311688311687,22.07792207792208,66.23376623376623
Asturias,100.0,0.0,0.0
Australia,42.023346303501945,24.90272373540856,33.07392996108949
Austria,32.418952618453865,24.438902743142144,43.14214463840399
Aymara,0.0,0.0,100.0
Azerbaijan,13.291139240506327,20.253164556962027,66.45569620253164
Bahamas,12.5,12.5,75.0
Bahrain,27.896995708154503,26.180257510729614,45.92274678111588
Bangladesh,19.58041958041958,16.783216783216783,63.63636363636363
Barawa,0.0,0.0,100.0
Barbados,24.0,14.399999999999999,61.6
Basque Country,55.172413793103445,20.689655172413794,24.137931034482758
Belarus,25.882352941176475,22.35294117647059,51.76470588235295
Belgium,33.583959899749374,24.31077694235589,42.10526315789473
Belize,15.151515151515152,18.181818181818183,66.66666666666666
Benin,12.962962962962962,20.98765432098765,66.0493827160494
Bermuda,25.581395348837212,13.953488372093023,60.46511627906976
Bhutan,4.0,4.0,92.0
Biafra,100.0,0.0,0.0
Bolivia,8.333333333333332,19.318181818181817,72.34848484848484
Bonaire,40.0,4.0,56.00000000000001
Bosnia and Herzegovina,30.87248322147651,22.818791946308725,46.308724832214764
Botswana,16.7741935483871,29.677419354838708,53.5483870967742
Brazil,52.46636771300448,22.869955156950674,24.663677130044842
British Virgin Islands,12.32876712328767,17.80821917808219,69.86301369863014
Brittany,33.33333333333333,33.33333333333333,33.33333333333333
Brunei,7.142857142857142,8.333333333333332,84.52380952380952
Bulgaria,25.853658536585368,27.5609756097561,46.58536585365854
Burkina Faso,21.774193548387096,25.0,53.2258064516129
Burundi,20.833333333333336,24.166666666666668,55.00000000000001
Cambodia,9.219858156028367,9.219858156028367,81.56028368794325
Cameroon,30.312499999999996,35.9375,33.75
Canada,30.19607843137255,24.313725490196077,45.490196078431374
Cape Verde,25.217391304347824,25.217391304347824,49.56521739130435
Cascadia,40.0,20.0,40.0
Catalonia,11.11111111111111,22.22222222222222,66.66666666666666
Cayman Islands,6.25,20.833333333333336,72.91666666666666
Central African Republic,7.462686567164178,13.432835820895523,79.1044776119403
Central Spain,0.0,0.0,100.0
Chad,10.0,21.428571428571427,68.57142857142857
Chagos Islands,20.0,10.0,70.0
Chameria,20.0,40.0,40.0
Chechnya,0.0,0.0,100.0
Chile,21.813725490196077,24.019607843137255,54.166666666666664
China,35.76158940397351,22.8476821192053,41.390728476821195
Cilento,0.0,0.0,100.0
Colombia,30.33033033033033,32.432432432432435,37.23723723723724
Comoros,20.238095238095237,13.095238095238097,66.66666666666666
Congo,19.21182266009852,25.12315270935961,55.66502463054187
Cook Islands,15.625,6.25,78.125
Corsica,100.0,0.0,0.0
Costa Rica,26.38888888888889,26.666666666666668,46.94444444444444
County of Nice,80.0,0.0,20.0
Crimea,60.0,0.0,40.0
Croatia,45.14563106796117,27.184466019417474,27.669902912621357
Cuba,27.350427350427353,20.94017094017094,51.70940170940172
Curaçao,27.363184079601986,23.88059701492537,48.756218905472636
Cyprus,10.416666666666668,11.979166666666668,77.60416666666666
Czech Republic,40.54054054054054,27.027027027027028,32.432432432432435
Czechoslovakia,31.54121863799283,23.655913978494624,44.80286738351255
DR Congo,26.973684210526315,33.223684210526315,39.80263157894737
Darfur,0.0,0.0,100.0
Denmark,36.0655737704918,22.01405152224824,41.92037470725995
Djibouti,1.6666666666666667,6.666666666666667,91.66666666666666
Dominica,15.841584158415841,19.801980198019802,64.35643564356435
Dominican Republic,26.76056338028169,14.084507042253522,59.154929577464785
Donetsk PR,25.0,25.0,50.0
East Turkestan,40.0,0.0,60.0
Ecuador,18.32298136645963,27.639751552795033,54.037267080745345
Egypt,27.70700636942675,35.6687898089172,36.624203821656046
El Salvador,19.784172661870503,22.302158273381295,57.9136690647482
Ellan Vannin,20.0,30.0,50.0
England,52.31053604436229,25.87800369685767,21.811460258780038
Equatorial Guinea,12.5,19.318181818181817,68.18181818181817
Eritrea,8.88888888888889,15.555555555555555,75.55555555555556
Estonia,18.79432624113475,20.56737588652482,60.63829787234043
Eswatini,16.19718309859155,26.76056338028169,57.04225352112676
Ethiopia,20.118343195266274,15.384615384615385,64.49704142011834
Falkland Islands,20.0,5.0,75.0
Faroe Islands,10.95890410958904,12.32876712328767,76.71232876712328
Felvidék,44.44444444444444,11.11111111111111,44.44444444444444
Fiji,26.732673267326735,18.81188118811881,54.45544554455446
Finland,20.833333333333336,20.833333333333336,58.333333333333336
France,40.20100502512563,22.8643216080402,36.93467336683417
Franconia,50.0,0.0,50.0
French Guiana,22.448979591836736,21.428571428571427,56.12244897959183
Frøya,13.636363636363635,4.545454545454546,81.81818181818183
Gabon,23.88059701492537,23.383084577114428,52.736318407960205
Galicia,66.66666666666666,0.0,33.33333333333333
Gambia,18.487394957983195,20.168067226890756,61.34453781512605
Georgia,23.456790123456788,17.28395061728395,59.25925925925925
German DR,37.95180722891566,21.686746987951807,40.36144578313253
Germany,53.34728033472803,20.502092050209207,26.15062761506276
Ghana,32.03342618384401,28.133704735376046,39.83286908077994
Gibraltar,14.285714285714285,10.0,75.71428571428571
Gotland,20.0,20.0,60.0
Gozo,14.285714285714285,0.0,85.71428571428571
Greece,28.846153846153843,26.923076923076923,44.230769230769226
Greenland,26.666666666666668,11.11111111111111,62.22222222222222
Grenada,24.031007751937985,22.48062015503876,53.48837209302325
Guadeloupe,34.883720930232556,18.6046511627907,46.51162790697674
Guam,11.11111111111111,8.333333333333332,80.55555555555556
Guatemala,23.970037453183522,23.970037453183522,52.05992509363296
Guernsey,53.70370370370371,11.11111111111111,35.18518518518518
Guinea,21.241830065359476,31.699346405228756,47.05882352941176
Guinea-Bissau,13.402061855670103,20.618556701030926,65.97938144329896
Guyana,24.675324675324674,16.233766233766232,59.09090909090909
Haiti,36.470588235294116,20.392156862745097,43.13725490196079
Hitra,15.384615384615385,0.0,84.61538461538461
Hmong,0.0,0.0,100.0
Honduras,26.384364820846905,28.013029315960914,45.60260586319218
Hong Kong,24.15730337078652,17.97752808988764,57.865168539325836
Hungary,37.8698224852071,22.090729783037474,40.03944773175542
Iceland,24.561403508771928,18.24561403508772,57.19298245614035
India,28.125,21.428571428571427,50.44642857142857
Indonesia,23.12925170068027,18.70748299319728,58.16326530612245
Iran,47.54716981132076,27.547169811320753,24.90566037735849
Iraq,35.47400611620795,31.804281345565748,32.7217125382263
Iraqi Kurdistan,35.714285714285715,35.714285714285715,28.57142857142857
Isle of Man,58.06451612903226,3.225806451612903,38.70967741935484
Isle of Wight,47.61904761904761,14.285714285714285,38.095238095238095
Israel,28.054298642533936,21.71945701357466,50.2262443438914
Italy,41.64588528678304,29.177057356608476,29.177057356608476
Ivory Coast,36.392405063291136,28.164556962025316,35.44303797468354
Jamaica,30.303030303030305,21.21212121212121,48.484848484848484
Japan,43.08176100628931,19.81132075471698,37.10691823899371
Jersey,59.43396226415094,8.49056603773585,32.075471698113205
Jordan,28.57142857142857,25.630252100840334,45.79831932773109
Kabylia,20.0,40.0,40.0
Kazakhstan,18.181818181818183,21.678321678321677,60.13986013986013
Kenya,22.295081967213115,24.91803278688525,52.78688524590164
Kernow,100.0,0.0,0.0
Kiribati,0.0,0.0,100.0
Kosovo,31.818181818181817,25.0,43.18181818181818
Kurdistan,75.0,25.0,0.0
Kuwait,35.23489932885906,27.85234899328859,36.91275167785235
Kyrgyzstan,22.641509433962266,11.320754716981133,66.0377358490566
Kárpátalja,33.33333333333333,50.0,16.666666666666664
Laos,7.936507936507936,12.698412698412698,79.36507936507937
Latvia,20.76271186440678,24.576271186440678,54.66101694915254
Lebanon,20.23121387283237,23.699421965317917,56.06936416184971
Lesotho,15.2317880794702,25.82781456953642,58.94039735099338
Liberia,10.416666666666668,18.055555555555554,71.52777777777779
Libya,17.877094972067038,21.22905027932961,60.893854748603346
Liechtenstein,5.797101449275362,10.144927536231885,84.05797101449275
Lithuania,21.774193548387096,15.32258064516129,62.903225806451616
Luhansk PR,0.0,25.0,75.0
Luxembourg,8.49056603773585,10.377358490566039,81.13207547169812
Macau,6.329113924050633,8.860759493670885,84.81012658227847
Madagascar,25.324675324675322,17.532467532467532,57.14285714285714
Malawi,21.09090909090909,26.181818181818183,52.72727272727272
Malaysia,23.88888888888889,22.77777777777778,53.333333333333336
Maldives,16.923076923076923,12.307692307692308,70.76923076923077
Mali,27.760252365930597,27.760252365930597,44.479495268138805
Malta,8.823529411764707,12.745098039215685,78.43137254901961
Manchukuo,0.0,0.0,100.0
Marshall Islands,0.0,0.0,100.0
Martinique,33.734939759036145,28.313253012048197,37.95180722891566
Matabeleland,33.33333333333333,16.666666666666664,50.0
Maule Sur,100.0,0.0,0.0
Mauritania,8.75,23.75,67.5
Mauritius,20.454545454545457,21.022727272727273,58.52272727272727
Mayotte,25.925925925925924,25.925925925925924,48.148148148148145
Menorca,16.666666666666664,50.0,33.33333333333333
Mexico,40.399002493765586,22.942643391521198,36.65835411471321
Micronesia,0.0,0.0,100.0
Moldova,16.867469879518072,21.084337349397593,62.048192771084345
Monaco,20.0,26.666666666666668,53.333333333333336
Mongolia,12.121212121212121,12.121212121212121,75.75757575757575
Montenegro,22.78481012658228,24.050632911392405,53.16455696202531
Montserrat,21.052631578947366,10.526315789473683,68.42105263157895
Morocco,30.76923076923077,35.16483516483517,34.065934065934066
Mozambique,22.727272727272727,22.727272727272727,54.54545454545454
Myanmar,21.80094786729858,17.535545023696685,60.66350710900474
Namibia,17.006802721088434,23.809523809523807,59.183673469387756
Nepal,9.859154929577464,16.901408450704224,73.23943661971832
Netherlands,44.05940594059406,22.02970297029703,33.910891089108915
New Caledonia,37.60683760683761,15.384615384615385,47.008547008547005
New Zealand,30.64516129032258,18.951612903225808,50.403225806451616
Nicaragua,13.013698630136986,10.95890410958904,76.02739726027397
Niger,11.347517730496454,23.404255319148938,65.24822695035462
Nigeria,32.16374269005848,33.33333333333333,34.50292397660819
North Korea,30.543933054393307,31.380753138075313,38.07531380753138
North Macedonia,22.58064516129032,28.387096774193548,49.03225806451613
North Vietnam,21.052631578947366,15.789473684210526,63.1578947368421
Northern Cyprus,41.66666666666667,16.666666666666664,41.66666666666667
Northern Ireland,18.52861035422343,23.43324250681199,58.03814713896458
Northern Mariana Islands,6.666666666666667,0.0,93.33333333333333
Norway,32.723112128146454,20.823798627002287,46.453089244851256
Occitania,53.84615384615385,23.076923076923077,23.076923076923077
Oman,27.77777777777778,24.786324786324787,47.43589743589743
Orkney,20.0,0.0,80.0
Padania,62.5,18.75,18.75
Pakistan,13.333333333333334,16.666666666666664,70.0
Palestine,21.935483870967744,27.741935483870968,50.32258064516129
Panama,23.890784982935152,22.866894197952217,53.242320819112635
Panjab,50.0,8.333333333333332,41.66666666666667
Papua New Guinea,31.70731707317073,12.195121951219512,56.09756097560976
Paraguay,26.76056338028169,26.559356136820927,46.68008048289739
Parishes of Jersey,0.0,0.0,100.0
Peru,21.649484536082475,26.288659793814436,52.0618556701031
Philippines,16.417910447761194,13.432835820895523,70.1492537313433
Poland,34.98920086393088,25.70194384449244,39.30885529157667
Portugal,39.44954128440367,21.712538226299692,38.837920489296636
Provence,36.36363636363637,0.0,63.63636363636363
Puerto Rico,17.045454545454543,12.5,70.45454545454545
Qatar,30.888030888030887,23.93822393822394,45.173745173745175
Quebec,100.0,0.0,0.0
Raetia,12.5,25.0,62.5
Republic of Ireland,29.268292682926827,28.9198606271777,41.81184668989547
Rhodes,42.857142857142854,14.285714285714285,42.857142857142854
Romani people,25.0,0.0,75.0
Romania,31.5136476426799,28.53598014888337,39.950372208436725
Russia,43.198090692124104,28.878281622911693,27.923627684964202
Rwanda,21.641791044776117,20.8955223880597,57.46268656716418
Réunion,33.33333333333333,22.807017543859647,43.859649122807014
Saare County,5.0,25.0,70.0
Saarland,33.33333333333333,0.0,66.66666666666666
Saint Barthélemy,0.0,33.33333333333333,66.66666666666666
Saint Helena,0.0,0.0,100.0
Saint Kitts and Nevis,30.0,14.000000000000002,56.00000000000001
Saint Lucia,26.61290322580645,13.709677419354838,59.67741935483871
Saint Martin,26.190476190476193,7.142857142857142,66.66666666666666
Saint Pierre and Miquelon,0.0,0.0,100.0
Saint Vincent and the Grenadines,28.46153846153846,24.615384615384617,46.92307692307692
Samoa,9.375,3.125,87.5
San Marino,0.9090909090909091,3.6363636363636362,95.45454545454545
Sark,0.0,0.0,100.0
Saudi Arabia,37.29903536977492,24.437299035369776,38.263665594855304
Scotland,38.901601830663616,21.73913043478261,39.359267734553775
Sealand,40.0,60.0,0.0
Senegal,34.903047091412745,28.53185595567867,36.56509695290859
Serbia,38.497652582159624,25.352112676056336,36.15023474178404
Seychelles,5.263157894736842,17.894736842105264,76.84210526315789
Shetland,20.588235294117645,11.76470588235294,67.64705882352942
Sierra Leone,15.517241379310345,25.287356321839084,59.195402298850574
Singapore,21.100917431192663,18.960244648318042,59.9388379204893
Sint Maarten,27.27272727272727,15.151515151515152,57.57575757575758
Slovakia,35.678391959798994,20.100502512562816,44.221105527638194
Slovenia,28.39506172839506,30.864197530864196,40.74074074074074
Solomon Islands,30.08849557522124,18.58407079646018,51.32743362831859
Somalia,6.666666666666667,10.666666666666668,82.66666666666667
Somaliland,33.33333333333333,0.0,66.66666666666666
South Africa,34.34343434343434,28.28282828282828,37.37373737373738
South Korea,45.633187772925766,27.510917030567683,26.85589519650655
South Ossetia,33.33333333333333,11.11111111111111,55.55555555555556
South Sudan,9.75609756097561,14.634146341463413,75.60975609756098
South Yemen,0.0,0.0,100.0
Spain,47.860962566844925,28.609625668449194,23.52941176470588
Sri Lanka,9.701492537313433,14.925373134328357,75.3731343283582
Sudan,22.09737827715356,24.344569288389515,53.558052434456926
Suriname,31.19266055045872,25.229357798165136,43.57798165137615
Surrey,100.0,0.0,0.0
Sweden,39.894551845342704,22.144112478031637,37.96133567662566
Switzerland,26.136363636363637,23.636363636363637,50.227272727272734
Syria,27.81456953642384,25.496688741721858,46.688741721854306
Székely Land,13.333333333333334,13.333333333333334,73.33333333333333
Sápmi,20.0,10.0,70.0
São Tomé and Príncipe,2.4390243902439024,14.634146341463413,82.92682926829268
Tahiti,46.82539682539682,14.285714285714285,38.88888888888889
Taiwan,20.37037037037037,12.962962962962962,66.66666666666666
Tajikistan,29.565217391304348,22.608695652173914,47.82608695652174
Tamil Eelam,46.15384615384615,0.0,53.84615384615385
Tanzania,16.39344262295082,27.21311475409836,56.393442622950815
Thailand,23.44139650872818,26.433915211970078,50.12468827930174
Tibet,6.666666666666667,6.666666666666667,86.66666666666667
Ticino,0.0,0.0,100.0
Timor-Leste,5.084745762711865,5.084745762711865,89.83050847457628
Togo,19.318181818181817,25.757575757575758,54.92424242424242
Tonga,17.94871794871795,12.82051282051282,69.23076923076923
Trinidad and Tobago,31.70731707317073,21.70731707317073,46.58536585365854
Tunisia,28.65853658536585,31.402439024390244,39.9390243902439
Turkey,34.21828908554572,23.59882005899705,42.18289085545723
Turkmenistan,26.41509433962264,16.9811320754717,56.60377358490566
Turks and Caicos Islands,16.666666666666664,13.333333333333334,70.0
Tuvalu,11.538461538461538,11.538461538461538,76.92307692307693
Two Sicilies,16.666666666666664,0.0,83.33333333333334
Uganda,28.98936170212766,28.191489361702125,42.819148936170215
Ukraine,37.142857142857146,26.857142857142858,36.0
United Arab Emirates,27.756653992395435,25.09505703422053,47.14828897338403
United Koreans in Japan,25.0,50.0,25.0
United States,27.147766323024054,19.243986254295535,53.608247422680414
United States Virgin Islands,13.636363636363635,13.636363636363635,72.72727272727273
Uruguay,35.55555555555556,23.760683760683758,40.68376068376068
Uzbekistan,36.45833333333333,19.270833333333336,44.27083333333333
Vanuatu,30.53435114503817,10.687022900763358,58.778625954198475
Vatican City,0.0,25.0,75.0
Venezuela,18.560606060606062,17.803030303030305,63.63636363636363
Vietnam,31.007751937984494,20.155038759689923,48.837209302325576
Vietnam Republic,33.33333333333333,21.48148148148148,45.18518518518518
Wales,25.683060109289617,19.672131147540984,54.644808743169406
Wallis Islands and Futuna,14.285714285714285,0.0,85.71428571428571
Western Armenia,36.36363636363637,36.36363636363637,27.27272727272727
Western Australia,32.25806451612903,9.67741935483871,58.06451612903226
Western Isles,28.57142857142857,14.285714285714285,57.14285714285714
Western Sahara,0.0,0.0,100.0
Yemen,11.486486486486488,16.216216216216218,72.2972972972973
Yemen DPR,17.391304347826086,13.043478260869565,69.56521739130434
Ynys Môn,48.57142857142857,17.142857142857142,34.285714285714285
Yorkshire,50.0,0.0,50.0
Yugoslavia,39.249146757679185,20.819112627986346,39.93174061433447
Zambia,37.960954446854664,23.427331887201735,38.611713665943604
Zanzibar,16.3265306122449,21.08843537414966,62.585034013605444
Zimbabwe,30.136986301369863,27.397260273972602,42.465753424657535
Åland Islands,35.0,10.0,55.00000000000001
