team,home_goal_difference,away_goal_difference
Abkhazia,1.2608695652173911,-0.10000000000000009
Afghanistan,-0.3125,-1.3608247422680413
Albania,0.03809523809523796,-1.1702127659574468
Alderney,-3.7291666666666665,-4.2298850574712645
Algeria,1.0762711864406782,-0.1717557251908397
Ambazonia,,-2.3333333333333335
American Samoa,-5.32,-6.366666666666666
Andalusia,0.8333333333333335,1.0
Andorra,-1.5913043478260869,-2.5
Angola,0.5784313725490197,-0.3761904761904761
Anguilla,-2.2333333333333334,-3.7704918032786887
Antigua and Barbuda,0.03076923076923066,-1.198019801980198
Arameans Suryoye,0.6666666666666667,0.2857142857142858
Argentina,1.4016528925619833,0.2203023758099354
Armenia,-0.40909090909090895,-1.2302158273381296
Artsakh,0.4285714285714284,3.75
Aruba,-0.5733333333333333,-1.4935064935064934
Asturias,,2.0
Australia,1.3006134969325152,0.4862745098039216
Austria,0.7071583514099782,-0.2506265664160401
Aymara,-1.0,-2.0
Azerbaijan,-0.3112582781456954,-1.4936708860759493
Bahamas,-1.2857142857142858,-2.90625
Bahrain,0.27635327635327633,-0.5493562231759658
Bangladesh,-0.4012345679012346,-1.5034965034965033
Barawa,-2.2727272727272725,-5.0
Barbados,-0.02259887005649719,-1.0400000000000003
Basque Country,1.4857142857142855,0.7931034482758621
Belarus,-0.01388888888888884,-0.5823529411764705
Belgium,0.8021978021978022,-0.2638190954773869
Belize,-0.19999999999999996,-1.3484848484848482
Benin,0.012345679012345734,-1.2777777777777777
Bermuda,0.25,-0.569767441860465
Bhutan,-1.6857142857142855,-3.7600000000000002
Biafra,0.0,1.0
Bolivia,-0.18587360594795532,-1.7121212121212124
Bonaire,-1.3157894736842104,-0.8399999999999999
Bosnia and Herzegovina,0.33823529411764697,-0.3129251700680271
Botswana,-0.14124293785310726,-0.8580645161290322
Brazil,1.6449511400651469,0.7595505617977527
British Virgin Islands,-0.9200000000000002,-2.767123287671233
Brittany,0.2222222222222221,0.3333333333333335
Brunei,-1.8113207547169812,-2.928571428571429
Bulgaria,0.4570552147239264,-0.5804878048780486
Burkina Faso,0.5720930232558139,-0.6451612903225806
Burundi,0.23469387755102045,-0.6749999999999999
Cambodia,-0.4509803921568627,-2.574468085106383
Cameroon,0.8952702702702703,-0.12187499999999996
Canada,0.4299065420560746,-0.3764705882352941
Canary Islands,2.0,
Cape Verde,0.47540983606557374,-0.5752212389380531
Cascadia,3.5,0.3999999999999999
Catalonia,0.2564102564102564,-2.111111111111111
Cayman Islands,-0.9722222222222223,-2.2083333333333335
Central African Republic,-0.08571428571428563,-1.6119402985074627
Central Spain,1.0,-3.0
Chad,-0.25,-1.4857142857142858
Chagos Islands,-3.0,-2.9999999999999996
Chameria,3.0,0.0
Chechnya,0.0,-13.0
Chile,0.6713615023474178,-0.7279411764705882
China,1.2155388471177946,0.10596026490066213
Cilento,,-2.0
Colombia,0.5228758169934641,-0.219879518072289
Comoros,-0.13636363636363646,-1.2142857142857142
Congo,0.4433497536945812,-0.8128078817733988
Cook Islands,-3.857142857142857,-4.375
Corsica,0.375,2.0
Costa Rica,1.3581267217630852,-0.3055555555555556
County of Nice,0.5,0.7999999999999998
Crimea,,-0.8000000000000003
Croatia,1.1614583333333335,0.31862745098039236
Cuba,0.7423312883435582,-0.8290598290598291
Curaçao,0.8870967741935485,-0.693467336683417
Cyprus,-0.6282051282051282,-2.109375
Czech Republic,1.254237288135593,0.2896174863387979
Czechoslovakia,1.253112033195021,-0.13978494623655924
DR Congo,0.8416289592760182,-0.10927152317880795
Darfur,-17.25,-9.666666666666666
Denmark,0.9821029082774049,-0.05854800936768134
Djibouti,-2.215686274509804,-3.566666666666667
Dominica,-0.4385964912280702,-1.3465346534653464
Dominican Republic,0.8522727272727273,-0.887323943661972
Donetsk PR,1.5,-0.5
Délvidék,0.5,
East Turkestan,,-0.20000000000000018
Ecuador,0.3111111111111111,-0.8411214953271029
Egypt,1.1959459459459458,-0.23076923076923062
El Salvador,0.3511904761904763,-1.0251798561151078
Elba Island,5.0,
Ellan Vannin,2.25,-0.5
England,1.4061930783242258,1.0462962962962963
Equatorial Guinea,0.1333333333333333,-1.3295454545454546
Eritrea,-0.46153846153846145,-1.3555555555555556
Estonia,-0.37827715355805225,-1.170212765957447
Eswatini,-0.44696969696969713,-1.1619718309859155
Ethiopia,0.5606694560669456,-1.0650887573964496
Falkland Islands,-2.9230769230769234,-2.6
Faroe Islands,-0.892857142857143,-1.9178082191780819
Felvidék,-0.6666666666666667,-0.4444444444444444
Fiji,1.401197604790419,-0.6435643564356437
Finland,-0.4033149171270718,-1.2478070175438596
France,0.9851024208566106,-0.06297229219143574
Franconia,2.0,-2.5
French Guiana,0.41975308641975295,-0.7448979591836735
Frøya,-0.7333333333333334,-3.409090909090909
Gabon,0.5147058823529412,-0.5572139303482587
Galicia,-0.5555555555555556,1.0
Gambia,0.08843537414965996,-0.8739495798319329
Georgia,0.4620689655172414,-0.7098765432098764
German DR,0.9772727272727273,0.09638554216867479
Germany,1.4566787003610109,0.6603773584905661
Ghana,1.1369426751592355,-0.014005602240896309
Gibraltar,-0.7222222222222221,-2.142857142857143
Gotland,1.25,-0.10000000000000009
Gozo,2.0,-1.5714285714285712
Greece,0.3302180685358256,-0.608974358974359
Greenland,0.84375,-0.911111111111111
Grenada,0.3740458015267176,-0.86046511627907
Guadeloupe,0.7323943661971832,-0.24031007751938005
Guam,-2.803921568627451,-4.444444444444445
Guatemala,0.6689895470383276,-0.6779026217228463
Guernsey,1.6287878787878787,0.8148148148148149
Guinea,0.9141630901287554,-0.4673202614379084
Guinea-Bissau,0.11827956989247301,-1.0515463917525774
Guyana,0.10691823899371067,-0.9025974025974026
Găgăuzia,-2.3333333333333335,
Haiti,0.782101167315175,-0.19367588932806323
Hitra,-2.0,-2.6923076923076925
Hmong,1.0,-2.5
Honduras,0.7763578274760384,-0.4299674267100977
Hong Kong,0.2201492537313432,-0.7921348314606742
Hungary,1.078313253012048,-0.021696252465483346
Iceland,-0.04661016949152552,-0.807017543859649
India,0.08737864077669899,-0.7098214285714286
Indonesia,0.7090069284064666,-0.9217687074829932
Iran,1.4326647564469914,0.6539923954372624
Iraq,1.082066869300912,0.12923076923076926
Iraqi Kurdistan,1.1538461538461537,1.3571428571428572
Isle of Man,2.148148148148148,1.3225806451612903
Isle of Wight,1.1111111111111112,1.0952380952380951
Israel,0.39350180505415167,-0.4343891402714932
Italy,1.2703252032520327,0.15960099750623447
Ivory Coast,1.2360248447204967,0.031847133757961776
Jamaica,0.5525525525525525,-0.5333333333333334
Japan,0.860759493670886,0.39556962025316467
Jersey,1.9147286821705427,1.0660377358490567
Jordan,0.6411290322580645,-0.3417721518987342
Kabylia,-2.0,-1.0
Kazakhstan,0.1359999999999999,-1.048951048951049
Kenya,0.5112219451371569,-0.6065573770491803
Kernow,0.22222222222222232,3.6666666666666665
Kiribati,-12.6,-9.333333333333332
Kosovo,0.31666666666666665,-0.13636363636363646
Kurdistan,2.0,2.0
Kuwait,0.7150259067357514,0.07046979865771807
Kyrgyzstan,-0.04761904761904767,-0.9150943396226414
Kárpátalja,1.5999999999999999,0.6666666666666666
Laos,-1.0000000000000002,-2.984126984126984
Latvia,-0.1473214285714286,-0.8008474576271187
Lebanon,0.28125,-0.745664739884393
Lesotho,-0.34482758620689646,-1.2317880794701987
Liberia,0.13375796178343946,-1.375
Libya,0.8829268292682927,-0.8212290502793297
Liechtenstein,-2.041322314049587,-2.710144927536232
Lithuania,-0.3586956521739131,-1.161290322580645
Luhansk PR,1.5,-1.5
Luxembourg,-1.549019607843137,-2.4198113207547167
Macau,-1.6811594202898552,-2.8860759493670884
Madagascar,0.4156626506024097,-0.7727272727272727
Madrid,-1.0,
Malawi,0.326086956521739,-0.7236363636363637
Malaysia,0.8715789473684212,-0.7277777777777779
Maldives,0.029126213592232997,-1.9384615384615382
Mali,0.8769841269841269,-0.3186119873817035
Malta,-0.9645669291338582,-2.3725490196078436
Manchukuo,-4.5,-7.0
Mapuche,0.5,
Marshall Islands,-4.0,-1.0
Martinique,1.1333333333333333,-0.19277108433734935
Matabeleland,0.5,-1.3333333333333335
Maule Sur,,1.0
Mauritania,-0.1428571428571428,-1.38125
Mauritius,0.28859060402684555,-0.875
Mayotte,0.45454545454545436,-0.37037037037037046
Menorca,2.230769230769231,-0.41666666666666674
Mexico,1.12624584717608,0.08728179551122195
Micronesia,-5.5,-7.999999999999999
Moldova,-0.6439393939393938,-1.1686746987951806
Monaco,1.8888888888888888,-4.266666666666667
Mongolia,-0.8648648648648647,-2.5303030303030303
Montenegro,0.21978021978021967,-0.6582278481012658
Montserrat,-1.25,-2.3157894736842106
Morocco,1.2312138728323698,-0.014760147601476037
Mozambique,0.24431818181818188,-0.7070707070707071
Myanmar,0.81,-1.2511848341232228
Namibia,0.11363636363636376,-0.945578231292517
Nepal,-0.3015873015873016,-2.359154929577465
Netherlands,1.368421052631579,0.28287841191067
New Caledonia,1.777027027027027,0.5641025641025639
New Zealand,1.2011834319526626,-0.39676113360323884
Nicaragua,0.013157894736842035,-2.0616438356164384
Niger,0.03389830508474567,-1.2056737588652482
Nigeria,1.1949685534591197,-0.09649122807017552
Niue,-16.5,
North Korea,1.23841059602649,0.025104602510460206
North Macedonia,0.20529801324503327,-0.5032258064516129
North Vietnam,1.8,-0.631578947368421
Northern Cyprus,2.8181818181818183,0.41666666666666674
Northern Ireland,-0.3510324483775811,-1.1825613079019073
Northern Mariana Islands,-2.0,-4.8
Norway,0.3555045871559632,-0.5045871559633028
Occitania,1.9000000000000001,2.0769230769230766
Oman,0.48867313915857613,-0.5683760683760684
Orkney,-0.7222222222222223,-3.3000000000000003
Padania,1.5862068965517242,2.4375
Pakistan,-0.8585858585858586,-1.7333333333333334
Palau,-8.5,
Palestine,0.7741935483870968,-0.5548387096774194
Panama,0.4493927125506072,-0.8698630136986303
Panjab,2.2857142857142856,0.6666666666666665
Papua New Guinea,0.3972602739726028,-0.060975609756097615
Paraguay,0.4965277777777777,-0.5111111111111111
Parishes of Jersey,4.0,-1.0
Peru,0.2923076923076924,-0.597938144329897
Philippines,-0.06428571428571428,-1.7960199004975124
Poland,0.8461538461538463,-0.14038876889848817
Portugal,1.2038043478260871,0.015337423312883569
Provence,0.583333333333333,0.6363636363636362
Puerto Rico,0.013333333333333197,-2.022727272727273
Qatar,0.5978835978835979,-0.3813229571984438
Quebec,10.0,2.0
Raetia,-1.0,-3.125
Republic of Ireland,0.5057803468208091,-0.29965156794425085
Republic of St. Pauli,1.25,
Rhodes,0.8181818181818183,0.1428571428571428
Romani people,-0.6666666666666667,-2.75
Romania,0.9283746556473829,-0.18610421836228275
Russia,1.209726443768997,0.39379474940334136
Rwanda,0.3287671232876712,-0.7089552238805971
Ryūkyū,-9.0,
Réunion,0.5820895522388059,-0.7017543859649122
Saare County,-1.0000000000000002,-1.6500000000000001
Saarland,-2.1666666666666665,-0.9999999999999998
Saint Barthélemy,-0.1428571428571428,-1.3333333333333335
Saint Helena,-5.0,-4.166666666666667
Saint Kitts and Nevis,0.746031746031746,-0.79
Saint Lucia,0.0660377358490567,-0.9516129032258065
Saint Martin,-0.3846153846153848,-1.3333333333333335
Saint Pierre and Miquelon,-15.0,-10.166666666666668
Saint Vincent and the Grenadines,0.3867924528301887,-0.8538461538461537
Samoa,-0.4871794871794872,-4.09375
San Marino,-3.06140350877193,-4.50909090909091
Sark,-20.0,-16.666666666666668
Saudi Arabia,0.8445475638051043,-0.009708737864077666
Saugeais,0.0,
Scotland,0.8867469879518073,0.08256880733944949
Sealand,-1.2857142857142856,1.1999999999999997
Seborga,-1.0,
Senegal,1.0359712230215827,-0.013927576601671321
Serbia,0.9185185185185185,0.11737089201877926
Seychelles,-0.8271604938271604,-2.0631578947368423
Shetland,0.5,-0.7058823529411766
Sierra Leone,0.4206349206349206,-1.0114942528735633
Silesia,0.875,
Singapore,0.14092140921409224,-1.1712538226299696
Sint Maarten,0.14814814814814814,-2.090909090909091
Slovakia,0.6369047619047619,-0.2361809045226131
Slovenia,0.2774193548387096,-0.14197530864197527
Solomon Islands,1.1089108910891088,-0.6283185840707965
Somalia,-1.9183673469387754,-2.32
Somaliland,0.6666666666666665,-2.666666666666666
South Africa,0.6971830985915493,-0.010204081632652962
South Korea,1.263157894736842,0.3991228070175439
South Ossetia,-0.875,0.5555555555555554
South Sudan,-0.6216216216216216,-1.6829268292682928
South Yemen,,-2.333333333333333
Spain,1.6503667481662594,0.5951742627345844
Sri Lanka,-0.5299145299145298,-2.0671641791044775
Sudan,0.3267326732673266,-0.7191011235955057
Suriname,1.281767955801105,-0.2155963302752295
Surrey,,2.0
Sweden,1.1928838951310863,0.19929453262786612
Switzerland,0.3789237668161436,-0.6712328767123288
Syria,0.9230769230769231,-0.3774834437086092
Székely Land,1.5833333333333333,-1.2666666666666668
Sápmi,2.3684210526315788,-0.9000000000000001
São Tomé and Príncipe,-1.0333333333333332,-2.3902439024390243
Tahiti,1.9051724137931032,0.5158730158730158
Taiwan,-0.2530120481927711,-1.6851851851851853
Tajikistan,0.8941176470588235,-0.4782608695652175
Tamil Eelam,0.733333333333333,0.0
Tanzania,0.14965986394557818,-0.9049180327868853
Thailand,0.755939524838013,-0.600997506234414
Tibet,-2.5,-5.066666666666666
Ticino,-7.0,-4.0
Timor-Leste,-2.2962962962962963,-2.5593220338983054
Togo,0.46703296703296715,-0.8219696969696969
Tonga,-1.6896551724137931,-3.1538461538461537
Trinidad and Tobago,1.1052631578947367,-0.2780487804878047
Tunisia,0.9743589743589743,-0.17737003058103973
Turkey,0.40655737704918016,-0.3827893175074184
Turkmenistan,0.7971014492753623,-0.5283018867924529
Turks and Caicos Islands,-2.2272727272727275,-2.8666666666666663
Tuvalu,-1.8461538461538463,-5.346153846153847
Two Sicilies,,-2.5
Uganda,1.045307443365696,-0.27127659574468077
Ukraine,0.7300613496932515,-0.011428571428571344
United Arab Emirates,0.6017191977077363,-0.39163498098859306
United Koreans in Japan,0.25,1.75
United States,0.7374749498997997,-0.7422680412371134
United States Virgin Islands,-2.7058823529411766,-3.3863636363636362
Uruguay,0.9274611398963731,-0.0034246575342467
Uzbekistan,1.3374233128834354,0.010526315789473717
Vanuatu,0.14457831325301207,-0.5267175572519083
Vatican City,-0.6666666666666666,-2.75
Venezuela,-0.19487179487179485,-1.2765151515151514
Vietnam,0.8630952380952381,-0.48062015503875966
Vietnam Republic,1.0833333333333333,-0.09629629629629632
Wales,0.1138888888888887,-0.7950819672131146
Wallis Islands and Futuna,0.6666666666666665,-4.190476190476191
West Papua,-3.0,
Western Armenia,-0.6000000000000001,1.5454545454545454
Western Australia,1.0,-0.4193548387096775
Western Isles,-0.07692307692307665,-1.1904761904761905
Western Sahara,-2.0000000000000004,-4.0
Yemen,-0.17796610169491545,-2.006756756756757
Yemen DPR,-0.5,-1.8695652173913044
Ynys Môn,1.03125,-0.11428571428571432
Yorkshire,2.4,2.0
Yoruba Nation,-0.5,
Yugoslavia,1.0684210526315787,-0.058020477815699634
Zambia,1.0301204819277108,0.08893709327548827
Zanzibar,-0.5645161290322582,-1.4285714285714284
Zimbabwe,0.6176470588235295,-0.1952054794520548
Åland Islands,0.06451612903225801,-0.5499999999999998
