team,home_win_rate,home_draw_rate,home_loss_rate
Abkhazia,52.17391304347826,34.78260869565217,13.043478260869565
Afghanistan,37.5,25.0,37.5
Albania,37.142857142857146,22.857142857142858,40.0
Alderney,2.083333333333333,2.083333333333333,95.83333333333334
Algeria,58.028169014084504,24.225352112676056,17.74647887323944
American Samoa,12.0,8.0,80.0
Andalusia,58.333333333333336,33.33333333333333,8.333333333333332
Andorra,10.434782608695652,13.91304347826087,75.65217391304347
Angola,47.549019607843135,32.84313725490196,19.607843137254903
Anguilla,6.666666666666667,13.333333333333334,80.0
Antigua and Barbuda,40.0,19.230769230769234,40.76923076923077
Arameans Suryoye,33.33333333333333,33.33333333333333,33.33333333333333
Argentina,67.0510708401977,21.25205930807249,11.696869851729819
Armenia,31.818181818181817,23.484848484848484,44.696969696969695
Artsakh,57.14285714285714,14.285714285714285,28.57142857142857
Aruba,30.666666666666664,18.666666666666668,50.66666666666667
Australia,57.49235474006116,18.960244648318042,23.547400611620795
Austria,51.298701298701296,19.264069264069263,29.43722943722944
Aymara,0.0,0.0,100.0
Azerbaijan,25.82781456953642,31.125827814569533,43.04635761589404
Bahamas,28.57142857142857,17.142857142857142,54.285714285714285
Bahrain,40.45584045584046,26.495726495726498,33.04843304843305
Bangladesh,32.098765432098766,25.925925925925924,41.9753086419753
Barawa,27.27272727272727,0.0,72.72727272727273
Barbados,36.15819209039548,27.683615819209038,36.15819209039548
Basque Country,65.71428571428571,20.0,14.285714285714285
Belarus,34.72222222222222,28.47222222222222,36.80555555555556
Belgium,54.26695842450766,19.037199124726477,26.695842450765866
Belize,38.18181818181819,14.545454545454545,47.27272727272727
Benin,38.88888888888889,27.77777777777778,33.33333333333333
Bermuda,41.07142857142857,18.75,40.17857142857143
Bhutan,22.857142857142858,11.428571428571429,65.71428571428571
Biafra,50.0,0.0,50.0
Bolivia,36.059479553903344,25.27881040892193,38.66171003717472
Bonaire,21.052631578947366,26.31578947368421,52.63157894736842
Bosnia and Herzegovina,42.33576642335766,26.277372262773724,31.386861313868614
Botswana,36.15819209039548,25.98870056497175,37.85310734463277
Brazil,71.1038961038961,18.993506493506494,9.902597402597403
British Virgin Islands,26.0,18.0,56.00000000000001
Brittany,55.55555555555556,22.22222222222222,22.22222222222222
Brunei,30.18867924528302,7.547169811320755,62.264150943396224
Bulgaria,47.85276073619632,23.006134969325153,29.141104294478527
Burkina Faso,51.162790697674424,27.906976744186046,20.930232558139537
Burundi,40.816326530612244,23.46938775510204,35.714285714285715
Cambodia,33.33333333333333,18.30065359477124,48.36601307189542
Cameroon,58.78378378378378,26.013513513513516,15.202702702702704
Canada,47.004608294930875,22.58064516129032,30.414746543778804
Canary Islands,75.0,0.0,25.0
Cape Verde,48.78048780487805,24.390243902439025,26.82926829268293
Cascadia,100.0,0.0,0.0
Catalonia,46.15384615384615,25.64102564102564,28.205128205128204
Cayman Islands,30.555555555555557,15.277777777777779,54.166666666666664
Central African Republic,34.285714285714285,28.57142857142857,37.142857142857146
Central Spain,100.0,0.0,0.0
Chad,27.941176470588236,27.941176470588236,44.11764705882353
Chagos Islands,16.666666666666664,16.666666666666664,66.66666666666666
Chameria,100.0,0.0,0.0
Chechnya,0.0,100.0,0.0
Chile,53.051643192488264,19.014084507042252,27.93427230046948
China,57.89473684210527,21.052631578947366,21.052631578947366
Colombia,50.97402597402597,23.051948051948052,25.97402597402597
Comoros,27.27272727272727,36.36363636363637,36.36363636363637
Congo,46.79802955665024,23.645320197044335,29.55665024630542
Cook Islands,28.57142857142857,9.523809523809524,61.904761904761905
Corsica,37.5,50.0,12.5
Costa Rica,60.88154269972452,22.58953168044077,16.528925619834713
County of Nice,50.0,25.0,25.0
Croatia,60.10362694300518,26.42487046632124,13.471502590673575
Cuba,46.012269938650306,25.153374233128833,28.834355828220858
Curaçao,47.05882352941176,29.411764705882355,23.52941176470588
Cyprus,26.495726495726498,20.94017094017094,52.56410256410257
Czech Republic,65.1685393258427,14.04494382022472,20.786516853932586
Czechoslovakia,61.41078838174274,21.991701244813278,16.59751037344398
DR Congo,55.85585585585585,20.72072072072072,23.423423423423422
Darfur,0.0,0.0,100.0
Denmark,55.48098434004475,20.3579418344519,24.161073825503358
Djibouti,11.76470588235294,11.76470588235294,76.47058823529412
Dominica,31.57894736842105,22.807017543859647,45.614035087719294
Dominican Republic,48.86363636363637,18.181818181818183,32.95454545454545
Donetsk PR,50.0,50.0,0.0
Délvidék,50.0,0.0,50.0
Ecuador,45.588235294117645,26.10294117647059,28.308823529411764
Egypt,65.61797752808988,17.078651685393258,17.303370786516854
El Salvador,43.154761904761905,22.61904761904762,34.226190476190474
Elba Island,100.0,0.0,0.0
Ellan Vannin,75.0,16.666666666666664,8.333333333333332
England,61.88747731397459,21.960072595281307,16.152450090744104
Equatorial Guinea,42.22222222222222,25.555555555555554,32.22222222222222
Eritrea,26.923076923076923,34.61538461538461,38.46153846153847
Estonia,30.711610486891384,23.970037453183522,45.31835205992509
Eswatini,24.242424242424242,34.090909090909086,41.66666666666667
Ethiopia,46.02510460251046,27.615062761506277,26.359832635983267
Falkland Islands,15.384615384615385,0.0,84.61538461538461
Faroe Islands,28.57142857142857,12.857142857142856,58.57142857142858
Felvidék,33.33333333333333,33.33333333333333,33.33333333333333
Fiji,53.293413173652695,17.365269461077844,29.34131736526946
Finland,33.42541436464088,19.613259668508288,46.96132596685083
France,58.62708719851577,19.851576994434136,21.521335807050093
Franconia,100.0,0.0,0.0
French Guiana,39.50617283950617,22.22222222222222,38.2716049382716
Frøya,26.666666666666668,6.666666666666667,66.66666666666666
Gabon,45.588235294117645,32.84313725490196,21.568627450980394
Galicia,33.33333333333333,33.33333333333333,33.33333333333333
Gambia,34.69387755102041,34.69387755102041,30.612244897959183
Georgia,42.758620689655174,25.517241379310345,31.724137931034484
German DR,58.333333333333336,22.727272727272727,18.939393939393938
Germany,61.87050359712231,21.223021582733814,16.906474820143885
Ghana,62.22222222222222,24.444444444444443,13.333333333333334
Gibraltar,33.33333333333333,14.444444444444443,52.22222222222223
Gotland,45.0,10.0,45.0
Gozo,42.857142857142854,28.57142857142857,28.57142857142857
Greece,46.728971962616825,22.118380062305295,31.15264797507788
Greenland,40.625,15.625,43.75
Grenada,41.98473282442748,20.610687022900763,37.404580152671755
Guadeloupe,49.29577464788733,16.19718309859155,34.50704225352113
Guam,33.33333333333333,9.803921568627452,56.86274509803921
Guatemala,47.038327526132406,26.480836236933797,26.480836236933797
Guernsey,65.9090909090909,9.848484848484848,24.242424242424242
Guinea,57.93991416309014,24.034334763948497,18.025751072961373
Guinea-Bissau,41.935483870967744,25.806451612903224,32.25806451612903
Guyana,40.88050314465409,22.641509433962266,36.477987421383645
Găgăuzia,0.0,33.33333333333333,66.66666666666666
Haiti,47.674418604651166,23.643410852713178,28.68217054263566
Hitra,40.0,10.0,50.0
Hmong,100.0,0.0,0.0
Honduras,53.03514376996805,23.961661341853034,23.003194888178914
Hong Kong,37.3134328358209,23.88059701492537,38.80597014925373
Hungary,56.024096385542165,22.08835341365462,21.88755020080321
Iceland,37.71186440677966,21.1864406779661,41.10169491525424
India,41.10032362459547,22.97734627831715,35.92233009708738
Indonesia,49.19168591224018,20.323325635103924,30.484988452655887
Iran,63.714285714285715,21.142857142857142,15.142857142857144
Iraq,56.96969696969697,26.36363636363636,16.666666666666664
Iraqi Kurdistan,61.53846153846154,23.076923076923077,15.384615384615385
Isle of Man,62.96296296296296,11.11111111111111,25.925925925925924
Isle of Wight,59.25925925925925,14.814814814814813,25.925925925925924
Israel,42.96028880866426,24.548736462093864,32.49097472924188
Italy,63.00813008130082,25.609756097560975,11.38211382113821
Ivory Coast,65.01547987616098,23.52941176470588,11.455108359133128
Jamaica,47.44744744744745,25.225225225225223,27.32732732732733
Japan,53.26315789473684,22.105263157894736,24.63157894736842
Jersey,69.76744186046511,8.527131782945736,21.705426356589147
Jordan,44.800000000000004,30.4,24.8
Kabylia,0.0,0.0,100.0
Kazakhstan,36.0,23.200000000000003,40.8
Kenya,49.87531172069826,24.93765586034913,25.187032418952622
Kernow,44.44444444444444,22.22222222222222,33.33333333333333
Kiribati,0.0,20.0,80.0
Kosovo,46.666666666666664,20.0,33.33333333333333
Kurdistan,100.0,0.0,0.0
Kuwait,46.63212435233161,24.870466321243523,28.497409326424872
Kyrgyzstan,39.285714285714285,23.809523809523807,36.904761904761905
Kárpátalja,60.0,40.0,0.0
Laos,32.6530612244898,18.367346938775512,48.97959183673469
Latvia,35.267857142857146,23.660714285714285,41.07142857142857
Lebanon,36.25,31.874999999999996,31.874999999999996
Lesotho,21.379310344827587,37.93103448275862,40.689655172413794
Liberia,40.12738853503185,28.02547770700637,31.84713375796178
Libya,54.146341463414636,26.34146341463415,19.51219512195122
Liechtenstein,9.090909090909092,14.87603305785124,76.03305785123968
Lithuania,30.978260869565215,25.0,44.02173913043478
Luhansk PR,100.0,0.0,0.0
Luxembourg,12.549019607843137,16.07843137254902,71.37254901960785
Macau,23.18840579710145,13.043478260869565,63.76811594202898
Madagascar,47.59036144578313,27.710843373493976,24.69879518072289
Madrid,0.0,0.0,100.0
Malawi,43.75,29.6195652173913,26.6304347826087
Malaysia,50.73684210526316,23.157894736842106,26.105263157894736
Maldives,39.80582524271845,21.35922330097087,38.83495145631068
Mali,57.14285714285714,25.0,17.857142857142858
Malta,18.503937007874015,20.47244094488189,61.023622047244096
Manchukuo,0.0,0.0,100.0
Mapuche,50.0,0.0,50.0
Marshall Islands,0.0,0.0,100.0
Martinique,53.939393939393945,23.03030303030303,23.03030303030303
Matabeleland,50.0,50.0,0.0
Mauritania,33.035714285714285,29.464285714285715,37.5
Mauritius,36.91275167785235,23.48993288590604,39.59731543624161
Mayotte,36.36363636363637,36.36363636363637,27.27272727272727
Menorca,69.23076923076923,0.0,30.76923076923077
Mexico,58.18181818181818,23.471074380165287,18.34710743801653
Micronesia,50.0,0.0,50.0
Moldova,22.727272727272727,25.757575757575758,51.515151515151516
Monaco,55.55555555555556,22.22222222222222,22.22222222222222
Mongolia,45.94594594594595,2.7027027027027026,51.35135135135135
Montenegro,43.956043956043956,24.175824175824175,31.868131868131865
Montserrat,32.142857142857146,10.714285714285714,57.14285714285714
Morocco,63.976945244956774,22.76657060518732,13.256484149855908
Mozambique,41.47727272727273,28.40909090909091,30.113636363636363
Myanmar,54.666666666666664,17.666666666666668,27.666666666666668
Namibia,34.090909090909086,34.090909090909086,31.818181818181817
Nepal,38.88888888888889,18.253968253968253,42.857142857142854
Netherlands,57.44234800838575,23.48008385744235,19.07756813417191
New Caledonia,62.16216216216216,10.81081081081081,27.027027027027028
New Zealand,56.14035087719298,16.95906432748538,26.900584795321635
Nicaragua,42.10526315789473,14.473684210526317,43.42105263157895
Niger,38.13559322033898,24.576271186440678,37.28813559322034
Nigeria,63.20754716981132,24.528301886792452,12.264150943396226
Niue,0.0,0.0,100.0
North Korea,58.94039735099338,20.52980132450331,20.52980132450331
North Macedonia,39.735099337748345,23.841059602649008,36.423841059602644
North Vietnam,60.0,0.0,40.0
Northern Cyprus,68.18181818181817,22.727272727272727,9.090909090909092
Northern Ireland,34.51327433628318,21.828908554572273,43.657817109144545
Northern Mariana Islands,20.0,20.0,60.0
Norway,42.23744292237443,24.65753424657534,33.10502283105023
Occitania,60.0,15.0,25.0
Oman,45.63106796116505,25.5663430420712,28.802588996763756
Orkney,38.88888888888889,5.555555555555555,55.55555555555556
Padania,68.96551724137932,17.24137931034483,13.793103448275861
Pakistan,33.33333333333333,18.181818181818183,48.484848484848484
Palau,0.0,0.0,100.0
Palestine,43.01075268817204,27.956989247311824,29.03225806451613
Panama,45.38152610441767,27.710843373493976,26.907630522088354
Panjab,42.857142857142854,28.57142857142857,28.57142857142857
Papua New Guinea,35.61643835616438,26.027397260273972,38.35616438356164
Paraguay,49.13494809688581,27.33564013840831,23.52941176470588
Parishes of Jersey,100.0,0.0,0.0
Peru,45.230769230769226,22.76923076923077,32.0
Philippines,42.142857142857146,19.28571428571429,38.57142857142858
Poland,51.74825174825175,24.708624708624708,23.543123543123542
Portugal,59.189189189189186,24.594594594594597,16.216216216216218
Provence,33.33333333333333,8.333333333333332,58.333333333333336
Puerto Rico,34.66666666666667,20.0,45.33333333333333
Qatar,47.4934036939314,25.32981530343008,27.176781002638524
Quebec,50.0,0.0,50.0
Raetia,40.0,10.0,50.0
Republic of Ireland,45.95375722543353,27.74566473988439,26.300578034682083
Republic of St. Pauli,25.0,25.0,50.0
Rhodes,72.72727272727273,9.090909090909092,18.181818181818183
Romani people,33.33333333333333,0.0,66.66666666666666
Romania,57.30027548209367,22.03856749311295,20.66115702479339
Russia,61.702127659574465,23.10030395136778,15.19756838905775
Rwanda,40.41095890410959,31.506849315068493,28.08219178082192
Ryūkyū,0.0,0.0,100.0
Réunion,50.74626865671642,13.432835820895523,35.82089552238806
Saare County,26.666666666666668,0.0,73.33333333333333
Saarland,0.0,33.33333333333333,66.66666666666666
Saint Barthélemy,57.14285714285714,0.0,42.857142857142854
Saint Helena,0.0,0.0,100.0
Saint Kitts and Nevis,47.61904761904761,22.22222222222222,30.158730158730158
Saint Lucia,44.339622641509436,15.09433962264151,40.56603773584906
Saint Martin,53.84615384615385,7.6923076923076925,38.46153846153847
Saint Pierre and Miquelon,0.0,0.0,100.0
Saint Vincent and the Grenadines,48.113207547169814,17.92452830188679,33.9622641509434
Samoa,48.717948717948715,7.6923076923076925,43.58974358974359
San Marino,1.7543859649122806,6.140350877192982,92.10526315789474
Sark,0.0,0.0,100.0
Saudi Arabia,54.39814814814815,22.22222222222222,23.37962962962963
Saugeais,0.0,100.0,0.0
Scotland,55.63549160671462,21.58273381294964,22.781774580335732
Sealand,28.57142857142857,28.57142857142857,42.857142857142854
Seborga,0.0,0.0,100.0
Senegal,61.648745519713266,24.372759856630825,13.978494623655912
Serbia,54.074074074074076,25.925925925925924,20.0
Seychelles,25.925925925925924,16.049382716049383,58.0246913580247
Shetland,58.333333333333336,20.833333333333336,20.833333333333336
Sierra Leone,50.79365079365079,26.984126984126984,22.22222222222222
Silesia,37.5,25.0,37.5
Singapore,40.65040650406504,21.40921409214092,37.94037940379404
Sint Maarten,40.74074074074074,18.51851851851852,40.74074074074074
Slovakia,46.42857142857143,27.380952380952383,26.190476190476193
Slovenia,43.87096774193549,23.225806451612904,32.903225806451616
Solomon Islands,55.44554455445545,13.861386138613863,30.693069306930692
Somalia,12.244897959183673,14.285714285714285,73.46938775510205
Somaliland,33.33333333333333,33.33333333333333,33.33333333333333
South Africa,51.578947368421055,32.280701754385966,16.140350877192983
South Korea,59.60144927536232,23.369565217391305,17.02898550724638
South Ossetia,25.0,25.0,50.0
South Sudan,21.62162162162162,27.027027027027028,51.35135135135135
Spain,68.3698296836983,18.97810218978102,12.652068126520682
Sri Lanka,30.76923076923077,23.076923076923077,46.15384615384615
Sudan,45.54455445544555,26.237623762376238,28.217821782178216
Suriname,58.011049723756905,20.994475138121548,20.994475138121548
Sweden,58.69158878504673,20.5607476635514,20.747663551401867
Switzerland,44.966442953020135,23.042505592841163,31.991051454138702
Syria,48.9010989010989,23.626373626373624,27.472527472527474
Székely Land,58.333333333333336,8.333333333333332,33.33333333333333
Sápmi,52.63157894736842,5.263157894736842,42.10526315789473
São Tomé and Príncipe,26.666666666666668,13.333333333333334,60.0
Tahiti,62.06896551724138,11.206896551724139,26.72413793103448
Taiwan,42.168674698795186,13.253012048192772,44.57831325301205
Tajikistan,51.76470588235295,18.823529411764707,29.411764705882355
Tamil Eelam,66.66666666666666,0.0,33.33333333333333
Tanzania,38.435374149659864,29.931972789115648,31.63265306122449
Thailand,52.915766738660906,21.382289416846653,25.70194384449244
Tibet,0.0,16.666666666666664,83.33333333333334
Ticino,0.0,0.0,100.0
Timor-Leste,22.22222222222222,7.4074074074074066,70.37037037037037
Togo,48.9010989010989,25.274725274725274,25.82417582417583
Tonga,31.03448275862069,3.4482758620689653,65.51724137931035
Trinidad and Tobago,55.84795321637427,21.929824561403507,22.22222222222222
Tunisia,57.22379603399433,25.21246458923513,17.56373937677054
Turkey,46.73202614379085,24.509803921568626,28.75816993464052
Turkmenistan,52.17391304347826,20.28985507246377,27.536231884057973
Turks and Caicos Islands,31.818181818181817,9.090909090909092,59.09090909090909
Tuvalu,38.46153846153847,7.6923076923076925,53.84615384615385
Uganda,56.957928802588995,24.59546925566343,18.446601941747574
Ukraine,53.37423312883436,28.834355828220858,17.791411042944784
United Arab Emirates,49.570200573065904,24.641833810888254,25.787965616045845
United Koreans in Japan,25.0,50.0,25.0
United States,54.18326693227091,21.51394422310757,24.302788844621514
United States Virgin Islands,11.76470588235294,17.647058823529413,70.58823529411765
Uruguay,56.70103092783505,26.804123711340207,16.49484536082474
Uzbekistan,60.36585365853659,23.78048780487805,15.853658536585366
Vanuatu,34.93975903614458,18.072289156626507,46.98795180722892
Vatican City,0.0,66.66666666666666,33.33333333333333
Venezuela,34.35897435897436,27.692307692307693,37.94871794871795
Vietnam,52.38095238095239,19.642857142857142,27.976190476190478
Vietnam Republic,61.66666666666667,13.333333333333334,25.0
Wales,38.88888888888889,25.833333333333336,35.27777777777778
Wallis Islands and Futuna,66.66666666666666,0.0,33.33333333333333
West Papua,0.0,50.0,50.0
Western Armenia,20.0,0.0,80.0
Western Australia,100.0,0.0,0.0
Western Isles,53.84615384615385,7.6923076923076925,38.46153846153847
Western Sahara,28.57142857142857,14.285714285714285,57.14285714285714
Yemen,30.508474576271187,25.423728813559322,44.06779661016949
Yemen DPR,50.0,0.0,50.0
Ynys Môn,62.5,15.625,21.875
Yorkshire,80.0,20.0,0.0
Yoruba Nation,0.0,50.0,50.0
Yugoslavia,56.84210526315789,19.473684210526315,23.684210526315788
Zambia,55.12048192771084,28.614457831325304,16.265060240963855
Zanzibar,32.25806451612903,16.129032258064516,51.61290322580645
Zimbabwe,50.0,28.921568627450984,21.07843137254902
Åland Islands,45.16129032258064,19.35483870967742,35.483870967741936
